Index,IND.1971.1982,IND.1983.1991,IND.1992.2002,IND.2003.2008,IND.2009.2013,IND.2014.2019,IND.2020.
1,278,121,121,170,170,170,170
2,679,561,561,170,170,170,170
3,297,121,121,170,170,170,170
4,587,561,561,170,170,170,170
5,17,10,10,170,170,170,170
6,27,30,31,170,170,170,170
7,28,11,11,180,180,180,180
8,17,11,11,180,180,180,180
9,18,20,30,180,180,180,180
10,18,31,32,180,180,180,180
11,28,31,32,180,180,180,180
12,18,11,11,180,180,180,180
13,27,30,31,190,190,190,190
14,107,230,230,270,270,270,270
15,18,31,32,280,280,280,280
16,28,31,32,280,280,280,280
17,798,742,741,290,290,290,290
18,278,102,102,290,290,290,290
19,738,742,741,290,290,290,290
20,18,20,30,290,290,290,290
21,748,742,741,290,290,290,290
22,759,760,760,290,290,290,290
23,897,742,741,290,290,290,290
24,17,10,10,290,290,290,290
25,27,30,31,290,290,290,290
26,347,192,192,370,370,370,370
27,49,42,42,370,370,370,370
28,49,192,192,370,370,370,370
29,369,192,192,370,370,370,370
30,359,192,192,370,370,370,370
31,348,192,192,370,370,370,370
32,368,192,192,370,370,370,370
33,48,41,41,380,380,380,380
34,47,40,40,390,390,390,390
35,57,50,50,470,470,470,470
36,47,40,40,470,470,470,470
37,NA,NA,NA,480,480,480,480
38,738,742,741,490,490,490,490
39,798,742,741,490,490,490,490
40,47,40,40,490,490,490,490
41,897,742,741,490,490,490,490
42,49,42,42,490,490,490,490
43,748,742,741,490,490,490,490
44,467,460,450,570,570,570,570
45,469,461,451,580,580,580,580
46,469,461,451,590,590,590,590
47,468,462,452,590,590,590,590
48,478,471,471,670,670,670,670
49,477,470,470,670,670,670,670
50,469,461,451,670,670,670,670
51,479,470,470,670,670,670,670
52,479,470,470,680,680,680,680
53,477,470,470,680,680,680,680
54,478,471,471,680,680,680,680
55,467,460,450,690,690,690,690
56,479,472,472,690,690,690,690
57,718,712,712,770,770,770,770
58,449,442,440,770,770,770,770
59,897,742,741,770,770,770,770
60,77,60,60,770,770,770,770
61,759,760,760,770,770,770,770
62,68,60,60,770,770,770,770
63,69,60,60,770,770,770,770
64,607,521,521,770,770,770,770
65,798,742,741,770,770,770,770
66,738,742,741,770,770,770,770
67,448,441,441,770,770,770,770
68,537,521,521,770,770,770,770
69,67,60,60,770,770,770,770
70,447,440,440,770,770,770,770
71,607,580,580,770,770,770,770
72,748,742,741,770,770,770,770
73,587,561,561,1070,1070,1070,1070
74,259,391,391,1070,1070,1070,1070
75,679,561,561,1070,1070,1070,1070
76,279,110,110,1070,1070,1070,1070
77,278,121,121,1070,1070,1070,1070
78,297,121,121,1070,1070,1070,1070
79,297,112,112,1080,1080,1080,1080
80,288,112,112,1080,1080,1080,1080
81,297,121,121,1090,1090,1090,1090
82,268,100,100,1090,1090,1090,1090
83,278,121,121,1090,1090,1090,1090
84,278,102,102,1090,1090,1090,1090
85,278,121,121,1170,1170,1170,1170
86,297,121,121,1170,1170,1170,1170
87,268,100,100,1170,1170,1170,1170
88,269,101,101,1170,1170,1170,1170
89,278,121,121,1180,1180,1180,1180
90,268,100,100,1180,1180,1180,1180
91,297,121,121,1180,1180,1180,1180
92,637,610,610,1190,1190,1190,1190
93,278,121,121,1270,1270,1270,1270
94,637,610,610,1270,1270,1270,1270
95,287,111,111,1270,1270,1270,1270
96,279,110,110,1270,1270,1270,1270
97,278,102,102,1270,1270,1270,1270
98,297,121,121,1270,1270,1270,1270
99,297,112,112,1280,1280,1280,1280
100,288,112,112,1280,1280,1280,1280
101,348,192,192,1280,1280,1280,1280
102,49,192,192,1280,1280,1280,1280
103,268,100,100,1280,1280,1280,1280
104,279,110,110,1280,1280,1280,1280
105,289,120,120,1280,1280,1280,1280
106,28,31,32,1280,1280,1280,1280
107,278,121,121,1280,1280,1280,1280
108,278,102,102,1280,1280,1280,1280
109,297,121,121,1280,1280,1280,1280
110,347,192,192,1280,1280,1280,1280
111,18,31,32,1280,1280,1280,1280
112,369,192,192,1280,1280,1280,1280
113,287,111,111,1280,1280,1280,1280
114,359,192,192,1280,1280,1280,1280
115,368,192,192,1280,1280,1280,1280
116,298,122,122,1290,1290,1290,1290
117,297,121,121,1370,1370,1370,1370
118,278,121,121,1370,1370,1370,1370
119,289,120,120,1370,1370,1370,1370
120,299,130,130,1390,1390,1390,1390
121,318,150,150,1470,1470,1470,1470
122,317,142,142,1470,1470,1470,1470
123,319,151,151,1480,1480,1480,1480
124,318,150,150,1480,1480,1480,1480
125,327,152,152,1480,1480,1480,1480
126,317,142,142,1480,1480,1480,1480
127,318,150,150,1490,1490,1490,1490
128,509,542,542,1490,1490,1490,1490
129,307,132,132,1490,1490,1490,1490
130,308,140,140,1490,1490,1490,1490
131,309,141,141,1570,1570,1570,1570
132,259,391,391,1590,1590,1590,1590
133,317,142,142,1590,1590,1590,1590
134,327,152,152,1590,1590,1590,1590
135,307,132,132,1590,1590,1590,1590
136,318,150,150,1590,1590,1590,1590
137,797,790,790,1590,1590,1590,1590
138,307,132,132,1670,1670,1670,1670
139,319,151,151,1670,1670,1670,1670
140,327,152,152,1670,1670,1670,1670
141,397,222,222,1680,1680,1680,1691
142,327,152,152,1680,1680,1680,1691
143,697,630,623,1680,1680,1680,1691
144,797,790,790,1680,1680,1680,1691
145,657,630,623,1680,1680,1680,1691
146,307,132,132,1680,1680,1680,1691
147,319,151,151,1680,1680,1680,1691
148,319,151,151,1690,1690,1690,1691
149,327,152,152,1690,1690,1690,1691
150,389,221,221,1770,1770,1770,1770
151,387,211,211,1770,1770,1770,1770
152,379,211,211,1770,1770,1770,1770
153,397,222,222,1790,1790,1790,1790
154,388,220,220,1790,1790,1790,1790
155,389,221,221,1790,1790,1790,1790
156,328,160,160,1870,1870,1870,1870
157,337,162,162,1880,1880,1880,1880
158,328,160,160,1880,1880,1880,1880
159,329,161,161,1880,1880,1880,1880
160,337,162,162,1890,1890,1890,1890
161,329,161,161,1890,1890,1890,1890
162,328,160,160,1890,1890,1890,1890
163,338,171,171,1990,1990,1990,1990
164,748,742,741,1990,1990,1990,1990
165,798,742,741,1990,1990,1990,1990
166,738,742,741,1990,1990,1990,1990
167,897,742,741,1990,1990,1990,1990
168,259,391,391,1990,1990,1990,1990
169,339,172,172,1990,1990,1990,1990
170,327,152,152,1990,1990,1990,1990
171,77,60,60,2070,2070,2070,2070
172,69,60,60,2070,2070,2070,2070
173,68,60,60,2070,2070,2070,2070
174,67,60,60,2070,2070,2070,2070
175,377,200,200,2070,2070,2070,2070
176,139,270,270,2090,2090,2090,2090
177,378,201,201,2090,2090,2090,2090
178,147,270,270,2090,2090,2090,2090
179,348,180,180,2170,2170,2170,2170
180,348,212,212,2170,2170,2170,2170
181,369,192,192,2170,2170,2170,2170
182,49,192,192,2170,2170,2170,2170
183,368,192,192,2170,2170,2170,2170
184,387,212,212,2170,2170,2170,2170
185,348,192,192,2170,2170,2170,2170
186,349,180,180,2170,2170,2170,2170
187,347,192,192,2170,2170,2170,2170
188,359,192,192,2170,2170,2170,2170
189,347,191,191,2180,2180,2180,2180
190,367,191,191,2180,2180,2180,2180
191,357,181,181,2190,2190,2190,2190
192,359,192,192,2270,2270,2270,2270
193,49,192,192,2270,2270,2270,2270
194,347,192,192,2270,2270,2270,2270
195,358,182,182,2270,2270,2270,2270
196,359,190,190,2270,2270,2270,2270
197,369,192,192,2270,2270,2270,2270
198,348,192,192,2270,2270,2270,2270
199,368,192,192,2270,2270,2270,2270
200,359,192,192,2280,2280,2280,2280
201,347,192,192,2280,2280,2280,2280
202,49,192,192,2280,2280,2280,2280
203,358,182,182,2280,2280,2280,2280
204,368,192,192,2280,2280,2280,2280
205,329,161,161,2280,2280,2280,2280
206,369,192,192,2280,2280,2280,2280
207,348,192,192,2280,2280,2280,2280
208,359,192,192,2290,2290,2290,2290
209,49,192,192,2290,2290,2290,2290
210,248,380,380,2290,2290,2290,2290
211,348,192,192,2290,2290,2290,2290
212,138,262,262,2290,2290,2290,2290
213,347,192,192,2290,2290,2290,2290
214,369,192,192,2290,2290,2290,2290
215,368,192,192,2290,2290,2290,2290
216,387,211,211,2370,2370,2370,2370
217,259,391,391,2370,2370,2370,2370
218,348,212,212,2370,2370,2370,2370
219,379,211,211,2370,2370,2370,2370
220,329,161,161,2370,2370,2370,2370
221,387,212,212,2370,2370,2370,2370
222,109,241,241,2370,2370,2370,2370
223,379,210,210,2380,2380,2380,2380
224,757,751,751,2380,2380,2380,2380
225,387,211,211,2390,2390,2390,2390
226,379,211,211,2390,2390,2390,2390
227,137,261,261,2470,2470,2470,2470
228,917,291,291,2470,2470,2470,2470
229,147,291,291,2470,2470,2470,2470
230,697,651,651,2470,2470,2470,2470
231,167,291,291,2470,2470,2470,2470
232,138,262,262,2470,2470,2470,2470
233,138,262,262,2480,2480,2480,2480
234,128,252,252,2480,2480,2480,2480
235,119,250,250,2490,2490,2490,2490
236,259,391,391,2490,2490,2490,2490
237,138,262,262,2570,2570,2570,2570
238,127,251,251,2570,2570,2570,2570
239,127,251,251,2590,2590,2590,2590
240,138,262,262,2590,2590,2590,2590
241,168,300,300,2670,2670,2670,2670
242,149,280,280,2670,2670,2670,2670
243,139,270,270,2670,2670,2670,2670
244,147,270,270,2670,2670,2670,2670
245,148,272,272,2680,2680,2680,2680
246,149,280,280,2690,2690,2690,2690
247,148,272,272,2770,2770,2770,2770
248,147,270,270,2770,2770,2770,2770
249,149,280,280,2770,2770,2770,2770
250,147,271,271,2770,2770,2770,2770
251,139,270,270,2770,2770,2770,2770
252,167,291,291,2780,2780,2780,2780
253,147,291,291,2780,2780,2780,2780
254,917,291,291,2780,2780,2780,2780
255,167,291,291,2790,2790,2790,2790
256,178,311,311,2790,2790,2790,2790
257,917,291,291,2790,2790,2790,2790
258,168,300,300,2790,2790,2790,2790
259,187,320,320,2790,2790,2790,2790
260,157,281,281,2790,2790,2790,2790
261,238,311,311,2790,2790,2790,2790
262,147,291,291,2790,2790,2790,2790
263,917,291,291,2870,2870,2870,2870
264,167,291,291,2870,2870,2870,2870
265,108,231,231,2870,2870,2870,2870
266,158,282,282,2870,2870,2870,2870
267,197,331,331,2870,2870,2870,2870
268,147,291,291,2870,2870,2870,2870
269,157,281,281,2870,2870,2870,2870
270,168,300,300,2870,2870,2870,2870
271,197,331,331,2880,2880,2880,2880
272,157,281,281,2880,2880,2880,2880
273,159,290,290,2880,2880,2880,2880
274,259,391,391,2890,2890,2890,2890
275,149,280,280,2890,2890,2890,2890
276,168,300,300,2890,2890,2890,2890
277,258,292,292,2970,2970,2970,2970
278,369,192,192,2970,2970,2970,2970
279,49,192,192,2970,2970,2970,2970
280,368,192,192,2970,2970,2970,2970
281,347,192,192,2970,2970,2970,2970
282,348,192,192,2970,2970,2970,2970
283,359,192,192,2970,2970,2970,2970
284,167,291,291,2980,2980,2980,2980
285,227,352,352,2980,2980,2980,2980
286,139,270,270,2980,2980,2980,2980
287,917,291,291,2980,2980,2980,2980
288,208,371,371,2980,2980,2980,2980
289,157,281,281,2980,2980,2980,2980
290,147,291,291,2980,2980,2980,2980
291,147,270,270,2980,2980,2980,2980
292,197,331,331,2980,2980,2980,2980
293,259,391,391,2980,2980,2980,2980
294,179,312,312,2980,2980,2980,2980
295,258,341,371,2980,2980,2980,2980
296,207,341,371,2980,2980,2980,2980
297,158,282,282,2980,2980,2980,2980
298,239,371,371,2980,2980,2980,2980
299,168,300,300,2980,2980,2980,2980
300,169,301,301,2990,2990,2990,2990
301,197,331,331,3070,3070,3070,3070
302,178,311,311,3070,3070,3070,3070
303,238,311,311,3070,3070,3070,3070
304,179,312,312,3080,3080,3080,3080
305,167,291,291,3090,3090,3095,3095
306,248,380,380,3090,3090,3095,3095
307,259,391,391,3090,3090,3095,3095
308,147,291,291,3090,3090,3095,3095
309,258,292,292,3090,3090,3095,3095
310,208,342,342,3090,3090,3095,3095
311,189,322,322,3090,3090,3095,3095
312,207,341,341,3090,3090,3095,3095
313,247,372,372,3090,3090,3095,3095
314,188,321,321,3090,3090,3095,3095
315,258,341,341,3090,3090,3095,3095
316,917,291,291,3090,3090,3095,3095
317,197,331,331,3090,3090,3095,3095
318,187,320,320,3170,3170,3170,3170
319,157,281,281,3170,3170,3170,3170
320,197,331,331,3180,3180,3180,3180
321,219,351,351,3180,3180,3180,3180
322,177,310,310,3180,3180,3180,3180
323,188,321,321,3190,3190,3190,3291
324,258,341,341,3190,3190,3190,3291
325,178,311,311,3190,3190,3190,3291
326,197,331,331,3190,3190,3190,3291
327,168,300,300,3190,3190,3190,3291
328,207,341,341,3190,3190,3190,3291
329,229,361,361,3190,3190,3190,3291
330,187,320,320,3190,3190,3190,3291
331,238,311,311,3190,3190,3190,3291
332,199,340,340,3190,3190,3190,3291
333,179,312,312,3190,3190,3190,3291
334,198,332,332,3290,3290,3290,3291
335,189,322,322,3360,3360,3365,3365
336,207,341,341,3370,3370,3370,3370
337,189,322,322,3370,3370,3370,3370
338,258,341,341,3370,3370,3370,3370
339,208,371,371,3380,3380,3380,3380
340,207,341,371,3380,3380,3380,3380
341,249,381,381,3380,3380,3380,3380
342,188,321,321,3380,3380,3380,3380
343,247,372,372,3380,3380,3380,3380
344,258,341,371,3380,3380,3380,3380
345,259,391,391,3380,3380,3380,3380
346,208,342,342,3380,3380,3380,3380
347,239,371,371,3380,3380,3380,3380
348,259,391,391,3390,3390,3390,3390
349,889,740,732,3390,3390,3390,3390
350,807,800,800,3390,3390,3390,3390
351,189,322,322,3390,3390,3390,3390
352,207,341,341,3390,3390,3390,3390
353,209,350,350,3390,3390,3390,3390
354,739,740,732,3390,3390,3390,3390
355,258,341,341,3390,3390,3390,3390
356,208,342,342,3390,3390,3390,3390
357,199,340,340,3470,3470,3470,3470
358,259,391,391,3470,3470,3470,3470
359,209,350,350,3490,3490,3490,3490
360,759,752,752,3490,3490,3490,3490
361,247,372,372,3490,3490,3490,3490
362,149,280,280,3490,3490,3490,3490
363,208,342,342,3490,3490,3490,3490
364,758,752,752,3490,3490,3490,3490
365,259,391,391,3490,3490,3490,3490
366,138,262,262,3570,3570,3570,3570
367,187,320,320,3570,3570,3570,3570
368,237,370,370,3570,3570,3570,3570
369,197,331,331,3570,3570,3570,3570
370,118,242,242,3570,3570,3570,3570
371,917,291,291,3570,3570,3570,3570
372,177,310,310,3570,3570,3570,3570
373,208,342,342,3570,3570,3570,3570
374,379,211,211,3570,3570,3570,3570
375,219,351,351,3570,3570,3570,3570
376,167,291,291,3570,3570,3570,3570
377,327,152,152,3570,3570,3570,3570
378,387,211,211,3570,3570,3570,3570
379,157,281,281,3570,3570,3570,3570
380,147,291,291,3570,3570,3570,3570
381,258,370,370,3570,3570,3570,3570
382,238,370,370,3570,3570,3570,3570
383,359,192,192,3580,3580,3580,3580
384,348,192,192,3580,3580,3580,3580
385,369,192,192,3580,3580,3580,3580
386,239,371,371,3580,3580,3580,3580
387,207,341,371,3580,3580,3580,3580
388,49,192,192,3580,3580,3580,3580
389,208,371,371,3580,3580,3580,3580
390,347,192,192,3580,3580,3580,3580
391,427,421,421,3580,3580,3580,3580
392,368,192,192,3580,3580,3580,3580
393,258,341,371,3580,3580,3580,3580
394,227,352,352,3580,3580,3580,3580
395,258,362,362,3590,3590,3590,3590
396,227,362,362,3590,3590,3590,3590
397,229,361,361,3670,3670,3670,3670
398,238,370,370,3680,3680,3680,3680
399,237,370,370,3680,3680,3680,3680
400,258,370,370,3680,3680,3680,3680
401,228,360,360,3680,3680,3680,3680
402,258,370,370,3690,3690,3690,3690
403,259,390,390,3690,3690,3690,3690
404,219,351,351,3690,3690,3690,3690
405,238,370,370,3690,3690,3690,3690
406,237,370,370,3690,3690,3690,3690
407,108,231,231,3770,3770,3770,3770
408,107,230,230,3770,3770,3770,3770
409,109,241,241,3770,3770,3770,3770
410,109,241,241,3780,3780,3780,3780
411,108,231,231,3780,3780,3780,3780
412,108,232,232,3790,3790,3790,3790
413,237,232,232,3790,3790,3790,3790
414,259,391,391,3870,3870,3875,3875
415,108,231,231,3870,3870,3875,3875
416,328,160,160,3870,3870,3875,3875
417,109,241,241,3870,3870,3875,3875
418,109,241,241,3890,3890,3895,3895
419,259,390,390,3890,3890,3895,3895
420,387,212,212,3890,3890,3895,3895
421,627,632,631,3890,3890,3895,3895
422,348,212,212,3890,3890,3895,3895
423,108,231,231,3890,3890,3895,3895
424,118,242,242,3890,3890,3895,3895
425,259,391,391,3890,3890,3895,3895
426,667,632,631,3890,3890,3895,3895
427,848,840,840,3960,3960,3960,3960
428,258,341,371,3960,3960,3960,3960
429,207,341,371,3960,3960,3960,3960
430,247,372,372,3960,3960,3960,3960
431,387,211,211,3960,3960,3960,3960
432,239,371,371,3960,3960,3960,3960
433,838,840,840,3960,3960,3960,3960
434,379,211,211,3960,3960,3960,3960
435,118,242,242,3960,3960,3960,3960
436,208,371,371,3960,3960,3960,3960
437,259,391,391,3960,3960,3960,3960
438,259,390,390,3970,3970,3970,3970
439,259,391,391,3970,3970,3970,3970
440,687,660,660,3980,3980,3980,3980
441,398,392,392,3980,3980,3980,3980
442,397,222,222,3980,3980,3980,3980
443,167,291,291,3980,3980,3980,3980
444,147,291,291,3980,3980,3980,3980
445,259,391,391,3980,3980,3980,3980
446,197,331,331,3980,3980,3980,3980
447,188,321,321,3980,3980,3980,3980
448,118,242,242,3980,3980,3980,3980
449,387,211,211,3980,3980,3980,3980
450,109,241,241,3980,3980,3980,3980
451,168,300,300,3980,3980,3980,3980
452,917,291,291,3980,3980,3980,3980
453,199,340,340,3980,3980,3980,3980
454,379,211,211,3980,3980,3980,3980
455,327,152,152,3980,3980,3980,3980
456,398,392,392,3990,3990,3990,3990
457,507,500,500,4070,4070,4070,4070
458,587,501,501,4080,4080,4080,4080
459,607,580,580,4090,4090,4090,4090
460,569,502,502,4090,4090,4090,4090
461,557,502,502,4090,4090,4090,4090
462,587,510,510,4170,4170,4170,4170
463,539,530,510,4170,4170,4170,4170
464,607,512,512,4170,4170,4170,4170
465,697,530,510,4170,4170,4170,4170
466,508,541,541,4170,4170,4170,4170
467,529,530,510,4170,4170,4170,4170
468,529,512,512,4170,4170,4170,4170
469,608,530,510,4170,4170,4170,4170
470,557,511,511,4180,4180,4180,4180
471,529,512,512,4190,4190,4195,4195
472,607,512,512,4190,4190,4195,4195
473,607,521,521,4260,4260,4265,4265
474,529,530,530,4260,4260,4265,4265
475,537,521,521,4260,4260,4265,4265
476,697,530,530,4260,4260,4265,4265
477,539,530,530,4260,4260,4265,4265
478,608,530,530,4260,4260,4265,4265
479,697,530,530,4270,4270,4270,4270
480,529,530,530,4270,4270,4270,4270
481,539,530,530,4270,4270,4270,4270
482,557,511,511,4270,4270,4270,4270
483,608,530,530,4270,4270,4270,4270
484,559,531,531,4280,4280,4280,4280
485,508,562,562,4290,4290,4290,4290
486,587,510,532,4290,4290,4290,4290
487,697,651,651,4290,4290,4290,4290
488,587,532,532,4290,4290,4290,4290
489,587,562,562,4290,4290,4290,4290
490,588,571,571,4290,4290,4290,4290
491,697,530,510,4290,4290,4290,4290
492,539,530,510,4290,4290,4290,4290
493,539,532,532,4290,4290,4290,4290
494,529,530,510,4290,4290,4290,4290
495,587,510,510,4290,4290,4290,4290
496,608,530,510,4290,4290,4290,4290
497,568,540,540,4370,4370,4370,4370
498,508,541,541,4380,4380,4380,4380
499,679,561,561,4380,4380,4380,4380
500,587,561,561,4380,4380,4380,4380
501,509,542,542,4390,4390,4390,4390
502,587,550,550,4470,4470,4470,4470
503,527,550,550,4470,4470,4470,4470
504,527,550,550,4480,4480,4480,4480
505,587,550,550,4480,4480,4480,4480
506,528,551,551,4480,4480,4480,4480
507,587,551,551,4480,4480,4480,4480
508,18,551,551,4480,4480,4480,4480
509,679,551,551,4480,4480,4480,4480
510,558,552,552,4490,4490,4490,4490
511,697,552,552,4490,4490,4490,4490
512,567,560,560,4560,4560,4560,4560
513,679,551,551,4570,4570,4570,4570
514,587,551,551,4570,4570,4570,4570
515,679,561,561,4570,4570,4570,4570
516,528,551,551,4570,4570,4570,4570
517,587,561,561,4570,4570,4570,4570
518,18,551,551,4570,4570,4570,4570
519,587,562,562,4580,4580,4580,4580
520,508,562,562,4580,4580,4580,4580
521,587,562,562,4585,4585,4585,4585
522,508,562,562,4585,4585,4585,4585
523,588,571,571,4590,4590,4590,4590
524,639,612,612,4670,4670,4670,4670
525,649,622,622,4680,4680,4680,4680
526,747,741,740,4690,4690,4690,4690
527,647,620,620,4690,4690,4690,4690
528,697,682,682,4690,4690,4690,4690
529,627,632,631,4770,4770,4770,4770
530,667,632,631,4770,4770,4770,4770
531,697,682,682,4770,4770,4770,4770
532,627,632,632,4780,4780,4780,4780
533,759,752,752,4780,4780,4780,4780
534,668,640,632,4780,4780,4780,4780
535,667,632,632,4780,4780,4780,4780
536,758,752,752,4780,4780,4780,4780
537,697,682,682,4790,4790,4795,4795
538,758,752,752,4790,4790,4795,4795
539,668,640,633,4790,4790,4795,4795
540,609,662,663,4790,4790,4795,4795
541,759,752,752,4790,4790,4795,4795
542,607,580,580,4870,4870,4870,4870
543,627,632,632,4870,4870,4870,4870
544,668,640,632,4870,4870,4870,4870
545,608,581,581,4870,4870,4870,4870
546,667,632,632,4870,4870,4870,4870
547,679,581,581,4870,4870,4870,4870
548,679,581,581,4880,4880,4880,4880
549,607,580,580,4880,4880,4880,4880
550,608,581,581,4880,4880,4880,4880
551,608,581,581,4890,4890,4890,4890
552,608,582,582,4890,4890,4890,4890
553,679,561,561,4890,4890,4890,4890
554,679,582,582,4890,4890,4890,4890
555,679,581,581,4890,4890,4890,4890
556,587,561,561,4890,4890,4890,4890
557,628,601,601,4970,4970,4970,4971
558,628,601,601,4970,4970,4970,4972
559,629,602,602,4970,4970,4970,4971
560,629,602,602,4970,4970,4970,4972
561,637,610,610,4980,4980,4980,4980
562,638,611,611,4980,4980,4980,4980
563,619,671,671,4980,4980,4980,4980
564,629,602,602,4980,4980,4980,4980
565,678,650,650,4990,4990,4990,4990
566,677,642,642,5070,5070,5070,5070
567,638,611,611,5080,5080,5080,5080
568,697,682,682,5080,5080,5080,5080
569,677,642,642,5080,5080,5080,5080
570,648,621,621,5090,5090,5090,5090
571,669,641,641,5090,5090,5090,5090
572,657,630,623,5170,5170,5170,5170
573,697,630,623,5170,5170,5170,5170
574,658,631,630,5180,5180,5180,5180
575,697,630,623,5190,5190,5190,5190
576,657,630,623,5190,5190,5190,5190
577,687,660,660,5190,5190,5190,5190
578,759,760,760,5270,5270,5275,5275
579,657,630,623,5270,5270,5275,5275
580,697,630,623,5270,5270,5275,5275
581,697,651,651,5270,5270,5275,5275
582,667,632,632,5280,5280,5280,5280
583,667,632,631,5280,5280,5280,5280
584,627,661,662,5280,5280,5280,5280
585,627,632,632,5280,5280,5280,5280
586,627,632,631,5280,5280,5280,5280
587,668,640,632,5280,5280,5280,5280
588,668,640,640,5290,5290,5295,5295
589,668,640,633,5290,5290,5295,5295
590,697,682,682,5370,5370,5370,5370
591,697,652,652,5370,5370,5370,5370
592,609,591,591,5380,5380,5380,5381
593,609,591,591,5380,5380,5380,5391
594,628,601,601,5390,5390,5390,5391
595,617,592,592,5390,5390,5390,5391
596,627,600,600,5390,5390,5390,5391
597,689,681,681,5470,5470,5470,5470
598,697,682,682,5480,5480,5480,5480
599,697,652,652,5480,5480,5480,5480
600,697,630,623,5490,5490,5490,5490
601,697,682,682,5490,5490,5490,5490
602,657,630,623,5490,5490,5490,5490
603,697,682,682,5570,5570,5570,5570
604,697,682,661,5570,5570,5570,5570
605,678,650,650,5580,5580,5580,5580
606,697,651,651,5580,5580,5580,5580
607,697,682,682,5580,5580,5580,5580
608,798,742,741,5580,5580,5580,5580
609,738,742,741,5580,5580,5580,5580
610,649,590,590,5580,5580,5580,5580
611,748,742,741,5580,5580,5580,5580
612,897,742,741,5580,5580,5580,5580
613,609,662,663,5590,5590,5590,5593
614,609,662,663,5591,5591,5591,5593
615,609,662,663,5592,5592,5592,5593
616,618,670,670,5670,5670,5670,5670
617,688,672,672,5680,5680,5680,5680
618,619,671,671,5690,5690,5690,5690
619,638,611,611,5690,5690,5690,5690
620,698,691,691,5790,5790,5790,5790
621,427,421,421,6070,6070,6070,6070
622,407,400,400,6080,6080,6080,6080
623,419,420,420,6090,6090,6090,6090
624,418,411,411,6170,6170,6170,6170
625,417,410,410,6170,6170,6170,6170
626,408,401,401,6180,6180,6180,6180
627,857,842,842,6180,6180,6180,6180
628,408,401,401,6190,6190,6190,6190
629,409,402,402,6190,6190,6190,6190
630,469,461,451,6270,6270,6270,6270
631,428,422,422,6270,6270,6270,6270
632,419,420,420,6280,6280,6280,6280
633,407,400,400,6280,6280,6280,6280
634,429,432,432,6280,6280,6280,6280
635,408,401,401,6280,6280,6280,6280
636,478,471,471,6290,6290,6290,6290
637,417,410,410,6290,6290,6290,6290
638,708,931,931,6290,6290,6290,6290
639,429,432,432,6290,6290,6290,6290
640,897,742,741,6290,6290,6290,6290
641,798,742,741,6290,6290,6290,6290
642,757,751,751,6290,6290,6290,6290
643,927,931,931,6290,6290,6290,6290
644,738,742,741,6290,6290,6290,6290
645,427,421,421,6290,6290,6290,6290
646,407,400,400,6290,6290,6290,6290
647,748,742,741,6290,6290,6290,6290
648,759,760,760,6290,6290,6290,6290
649,419,420,420,6290,6290,6290,6290
650,937,931,931,6290,6290,6290,6290
651,917,931,931,6290,6290,6290,6290
652,748,742,741,6370,6370,6370,6370
653,738,742,741,6370,6370,6370,6370
654,798,742,741,6370,6370,6370,6370
655,417,410,410,6370,6370,6370,6370
656,907,412,412,6370,6370,6370,6370
657,897,742,741,6370,6370,6370,6370
658,417,410,410,6380,6380,6380,6380
659,897,742,741,6380,6380,6380,6380
660,748,742,741,6380,6380,6380,6380
661,798,742,741,6380,6380,6380,6380
662,427,421,421,6380,6380,6380,6380
663,738,742,741,6380,6380,6380,6380
664,628,601,601,6390,6390,6390,6390
665,417,410,410,6390,6390,6390,6390
666,418,411,411,6390,6390,6390,6390
667,338,171,171,6470,6470,6470,6470
668,339,172,172,6480,6480,6480,6480
669,798,742,741,6480,6480,6480,6480
670,897,742,741,6480,6480,6480,6480
671,748,742,741,6480,6480,6480,6480
672,738,742,741,6480,6480,6480,6480
673,889,740,732,6490,6490,6490,6490
674,739,740,732,6490,6490,6490,6490
675,807,800,800,6570,6570,6570,6570
676,339,172,172,6590,6590,6590,6590
677,897,742,741,6590,6590,6590,6590
678,738,742,741,6590,6590,6590,6590
679,798,742,741,6590,6590,6590,6590
680,807,800,800,6590,6590,6590,6590
681,748,742,741,6590,6590,6590,6590
682,447,440,440,6670,6670,6670,6670
683,748,742,741,6670,6670,6670,6670
684,449,442,440,6670,6670,6670,6670
685,738,742,741,6675,6670,6670,6670
686,897,742,741,6675,6670,6670,6670
687,449,442,440,6675,6670,6670,6670
688,748,742,741,6675,6670,6670,6670
689,447,440,440,6675,6670,6670,6670
690,807,800,800,6675,6670,6670,6670
691,798,742,741,6675,6670,6670,6670
692,738,742,741,6670,6670,6670,6670
693,807,800,800,6670,6670,6670,6670
694,798,742,741,6670,6670,6670,6670
695,897,742,741,6670,6670,6670,6670
696,NA,NA,NA,NA,6672,6672,6672
697,449,442,442,6680,6680,6680,6680
698,448,441,441,6680,6680,6680,6680
699,449,442,440,6690,6690,6690,6690
700,738,742,741,6690,6690,6690,6690
701,897,742,741,6690,6690,6690,6690
702,448,441,441,6690,6690,6690,6690
703,798,742,741,6690,6690,6690,6690
704,449,442,442,6690,6690,6690,6690
705,447,440,440,6690,6690,6690,6690
706,748,742,741,6690,6690,6690,6690
707,449,442,440,6692,6690,6690,6690
708,448,441,441,6692,6690,6690,6690
709,449,442,442,6692,6690,6690,6690
710,447,440,440,6692,6690,6690,6690
711,748,742,741,6692,6690,6690,6690
712,897,742,741,6692,6690,6690,6690
713,738,742,741,6692,6690,6690,6690
714,798,742,741,6692,6690,6690,6690
715,889,740,732,6695,6695,6695,6695
716,739,740,732,6695,6695,6695,6695
717,748,742,741,6695,6695,6695,6695
718,798,742,741,6695,6695,6695,6695
719,897,742,741,6695,6695,6695,6695
720,738,742,741,6695,6695,6695,6695
721,859,852,852,6770,6770,6770,6770
722,798,742,741,6780,6780,6780,6780
723,748,742,741,6780,6780,6780,6780
724,739,740,732,6780,6780,6780,6780
725,889,740,732,6780,6780,6780,6780
726,747,741,740,6780,6780,6780,6780
727,738,742,741,6780,6780,6780,6780
728,897,742,741,6780,6780,6780,6780
729,748,702,702,6870,6870,6870,6870
730,707,700,700,6870,6870,6870,6870
731,707,702,702,6870,6870,6870,6870
732,708,702,702,6870,6870,6870,6870
733,917,702,702,6870,6870,6870,6870
734,708,702,702,6880,6880,6880,6880
735,708,701,701,6880,6880,6880,6880
736,707,702,701,6880,6880,6880,6880
737,917,702,701,6880,6880,6880,6880
738,708,702,701,6880,6880,6880,6880
739,707,702,702,6880,6880,6880,6880
740,748,702,702,6880,6880,6880,6880
741,917,702,702,6880,6880,6880,6880
742,748,702,701,6880,6880,6880,6880
743,697,682,682,6890,6890,6890,6890
744,748,742,741,6890,6890,6890,6890
745,738,742,741,6890,6890,6890,6890
746,897,742,741,6890,6890,6890,6890
747,748,702,702,6890,6890,6890,6890
748,449,442,442,6890,6890,6890,6890
749,707,700,700,6890,6890,6890,6890
750,707,702,702,6890,6890,6890,6890
751,798,742,741,6890,6890,6890,6890
752,917,702,702,6890,6890,6890,6890
753,708,702,702,6890,6890,6890,6890
754,718,712,712,6970,6970,6970,6970
755,748,702,702,6970,6970,6970,6970
756,748,742,741,6970,6970,6970,6970
757,708,702,702,6970,6970,6970,6970
758,798,742,741,6970,6970,6970,6970
759,897,742,741,6970,6970,6970,6970
760,917,702,702,6970,6970,6970,6970
761,707,702,702,6970,6970,6970,6970
762,707,700,700,6970,6970,6970,6970
763,717,711,711,6970,6970,6970,6970
764,738,742,741,6970,6970,6970,6970
765,709,710,710,6970,6970,6970,6970
766,717,711,711,6990,6990,6990,6991
767,717,711,711,6990,6990,6990,6992
768,749,750,770,7070,7070,7070,7071
769,749,750,770,7070,7070,7070,7072
770,418,411,411,7070,7070,7070,7071
771,418,411,411,7070,7070,7070,7072
772,917,930,810,7070,7070,7070,7071
773,917,930,810,7070,7070,7070,7072
774,718,712,712,7070,7070,7070,7071
775,718,712,712,7070,7070,7070,7072
776,778,770,770,7070,7070,7070,7071
777,778,770,770,7070,7070,7070,7072
778,808,801,810,7070,7070,7070,7071
779,808,801,810,7070,7070,7070,7072
780,937,930,810,7070,7070,7070,7071
781,937,930,810,7070,7070,7070,7072
782,809,802,810,7070,7070,7070,7071
783,809,802,810,7070,7070,7070,7072
784,408,802,810,7070,7070,7070,7071
785,408,802,810,7070,7070,7070,7072
786,778,762,762,7070,7070,7070,7071
787,778,762,762,7070,7070,7070,7072
788,927,930,810,7070,7070,7070,7071
789,927,930,810,7070,7070,7070,7072
790,777,762,762,7070,7070,7070,7071
791,777,762,762,7070,7070,7070,7072
792,798,791,810,7070,7070,7070,7071
793,798,791,810,7070,7070,7070,7072
794,749,750,742,7080,7080,7080,7080
795,897,742,741,7080,7080,7080,7080
796,738,742,741,7080,7080,7080,7080
797,798,742,741,7080,7080,7080,7080
798,748,742,741,7080,7080,7080,7080
799,807,800,801,7170,7170,7170,7181
800,738,742,741,7180,7180,7180,7181
801,798,742,741,7180,7180,7180,7181
802,738,732,791,7180,7180,7180,7181
803,748,742,741,7180,7180,7180,7181
804,798,791,791,7180,7180,7180,7181
805,897,742,741,7180,7180,7180,7181
806,739,740,732,7190,7190,7190,7190
807,748,742,741,7190,7190,7190,7190
808,889,740,732,7190,7190,7190,7190
809,738,742,741,7190,7190,7190,7190
810,897,742,741,7190,7190,7190,7190
811,429,432,432,7190,7190,7190,7190
812,798,742,741,7190,7190,7190,7190
813,709,710,710,7190,7190,7190,7190
814,718,712,712,7270,7270,7270,7270
815,897,742,741,7270,7270,7270,7270
816,738,742,741,7270,7270,7270,7270
817,798,742,741,7270,7270,7270,7270
818,849,841,841,7270,7270,7270,7270
819,878,841,841,7270,7270,7270,7270
820,748,742,741,7270,7270,7270,7270
821,738,732,791,7280,7280,7280,7280
822,798,791,791,7280,7280,7280,7280
823,738,732,892,7280,7280,7280,7280
824,889,890,890,7280,7280,7280,7280
825,738,732,892,7290,7290,7290,7290
826,897,892,893,7290,7290,7290,7290
827,67,60,60,7290,7290,7290,7290
828,19,21,20,7290,7290,7290,7290
829,69,60,60,7290,7290,7290,7290
830,77,60,60,7290,7290,7290,7290
831,897,891,891,7290,7290,7290,7290
832,738,742,741,7290,7290,7290,7290
833,937,882,882,7290,7290,7290,7290
834,897,742,741,7290,7290,7290,7290
835,49,42,42,7290,7290,7290,7290
836,888,882,882,7290,7290,7290,7290
837,219,351,351,7290,7290,7290,7290
838,729,730,891,7290,7290,7290,7290
839,798,742,741,7290,7290,7290,7290
840,748,742,741,7290,7290,7290,7290
841,68,60,60,7290,7290,7290,7290
842,717,711,711,7290,7290,7290,7290
843,748,742,741,7370,7370,7370,7370
844,738,742,741,7370,7370,7370,7370
845,798,742,741,7370,7370,7370,7370
846,897,742,741,7370,7370,7370,7370
847,738,732,892,7370,7370,7370,7370
848,897,742,741,7380,7380,7380,7380
849,889,740,732,7380,7380,7380,7380
850,738,742,741,7380,7380,7380,7380
851,798,742,741,7380,7380,7380,7380
852,748,742,741,7380,7380,7380,7380
853,739,740,732,7380,7380,7380,7380
854,737,731,731,7390,7390,7390,7390
855,897,742,741,7390,7390,7390,7390
856,848,731,731,7390,7390,7390,7390
857,798,742,741,7390,7390,7390,7390
858,717,711,711,7390,7390,7390,7390
859,897,892,893,7390,7390,7390,7390
860,738,732,892,7390,7390,7390,7390
861,748,742,741,7390,7390,7390,7390
862,738,742,741,7390,7390,7390,7390
863,897,891,891,7460,7460,7460,7460
864,729,730,891,7460,7460,7460,7460
865,897,892,893,7460,7460,7460,7460
866,738,742,741,7470,7470,7470,7470
867,738,732,892,7470,7470,7470,7470
868,508,562,562,7470,7470,7470,7470
869,727,721,721,7470,7470,7470,7470
870,587,562,562,7470,7470,7470,7470
871,897,742,741,7470,7470,7470,7470
872,798,742,741,7470,7470,7470,7470
873,748,742,741,7470,7470,7470,7470
874,18,20,12,7480,7480,7480,7480
875,738,732,791,7490,7490,7490,7490
876,897,891,891,7490,7490,7490,7490
877,738,742,741,7490,7490,7490,7490
878,897,742,741,7490,7490,7490,7490
879,729,730,891,7490,7490,7490,7490
880,748,742,741,7490,7490,7490,7490
881,738,732,892,7490,7490,7490,7490
882,798,742,741,7490,7490,7490,7490
883,897,892,893,7490,7490,7490,7490
884,798,791,791,7490,7490,7490,7490
885,49,42,42,7570,7570,7570,7570
886,709,710,710,7570,7570,7570,7570
887,738,732,892,7570,7570,7570,7570
888,798,742,741,7580,7580,7580,7580
889,867,922,922,7580,7580,7580,7580
890,737,731,731,7580,7580,7580,7580
891,917,922,922,7580,7580,7580,7580
892,848,922,922,7580,7580,7580,7580
893,748,742,741,7580,7580,7580,7580
894,937,922,922,7580,7580,7580,7580
895,897,742,741,7580,7580,7580,7580
896,927,922,922,7580,7580,7580,7580
897,848,731,731,7580,7580,7580,7580
898,878,922,922,7580,7580,7580,7580
899,738,742,741,7580,7580,7580,7580
900,738,742,741,7590,7590,7590,7590
901,449,442,442,7590,7590,7590,7590
902,748,742,741,7590,7590,7590,7590
903,897,742,741,7590,7590,7590,7590
904,798,742,741,7590,7590,7590,7590
905,798,742,741,7670,7670,7670,7670
906,808,801,810,7670,7670,7670,7670
907,897,742,741,7670,7670,7670,7670
908,427,421,421,7670,7670,7670,7670
909,419,420,420,7670,7670,7670,7670
910,748,742,741,7670,7670,7670,7670
911,407,400,400,7670,7670,7670,7670
912,887,881,881,7670,7670,7670,7670
913,798,791,810,7670,7670,7670,7670
914,809,802,810,7670,7670,7670,7670
915,917,930,810,7670,7670,7670,7670
916,408,802,810,7670,7670,7670,7670
917,738,742,741,7670,7670,7670,7670
918,937,930,810,7670,7670,7670,7670
919,927,930,810,7670,7670,7670,7670
920,429,432,432,7670,7670,7670,7670
921,759,760,760,7680,7680,7680,7680
922,747,741,740,7680,7680,7680,7680
923,69,60,60,7690,7690,7690,7690
924,738,742,741,7690,7690,7690,7690
925,779,771,771,7690,7690,7690,7690
926,77,60,60,7690,7690,7690,7690
927,728,722,722,7690,7690,7690,7690
928,759,760,760,7690,7690,7690,7690
929,798,742,741,7690,7690,7690,7690
930,478,471,471,7690,7690,7690,7690
931,427,421,421,7690,7690,7690,7690
932,68,60,60,7690,7690,7690,7690
933,67,60,60,7690,7690,7690,7690
934,748,742,741,7690,7690,7690,7690
935,897,742,741,7690,7690,7690,7690
936,798,742,741,7770,7770,7770,7770
937,897,742,741,7770,7770,7770,7770
938,19,21,20,7770,7770,7770,7770
939,738,742,741,7770,7770,7770,7770
940,748,742,741,7770,7770,7770,7770
941,738,742,741,7780,7780,7780,7780
942,738,732,892,7780,7780,7780,7780
943,748,742,741,7780,7780,7780,7780
944,897,742,741,7780,7780,7780,7780
945,798,742,741,7780,7780,7780,7780
946,478,471,471,7790,7790,7790,7790
947,748,742,741,7790,7790,7790,7790
948,68,60,60,7790,7790,7790,7790
949,738,742,741,7790,7790,7790,7790
950,69,60,60,7790,7790,7790,7790
951,798,742,741,7790,7790,7790,7790
952,67,60,60,7790,7790,7790,7790
953,77,60,60,7790,7790,7790,7790
954,417,410,410,7790,7790,7790,7790
955,897,742,741,7790,7790,7790,7790
956,759,760,760,7790,7790,7790,7790
957,857,842,842,7860,7860,7860,7860
958,867,860,860,7870,7870,7870,7870
959,749,860,860,7870,7870,7870,7870
960,858,850,850,7870,7870,7870,7870
961,868,860,860,7870,7870,7870,7870
962,867,860,860,7880,7880,7880,7880
963,857,851,851,7880,7880,7880,7880
964,848,870,870,7880,7880,7880,7880
965,937,870,870,7880,7880,7880,7880
966,868,860,860,7880,7880,7880,7880
967,788,780,780,7880,7880,7880,7880
968,867,851,851,7880,7880,7880,7880
969,749,860,860,7880,7880,7880,7880
970,879,870,870,7880,7880,7880,7880
971,858,850,850,7880,7880,7880,7880
972,787,772,772,7880,7880,7880,7880
973,927,870,870,7880,7880,7880,7880
974,868,860,860,7890,7890,7890,7890
975,867,851,851,7890,7890,7890,7890
976,749,860,860,7890,7890,7890,7890
977,857,851,851,7890,7890,7890,7890
978,798,791,810,7890,7890,7890,7890
979,917,930,810,7890,7890,7890,7890
980,927,930,810,7890,7890,7890,7890
981,809,802,810,7890,7890,7890,7890
982,738,732,892,7890,7890,7890,7890
983,808,801,810,7890,7890,7890,7890
984,867,860,860,7890,7890,7890,7890
985,937,930,810,7890,7890,7890,7890
986,408,802,810,7890,7890,7890,7890
987,828,812,812,7970,7970,7970,7970
988,829,820,820,7980,7980,7980,7980
989,837,821,821,7990,7990,7990,7990
990,847,822,822,8070,8070,8070,8070
991,828,812,812,8080,8080,8080,8080
992,847,830,830,8080,8080,8080,8080
993,848,731,731,8080,8080,8080,8080
994,848,830,830,8080,8080,8080,8080
995,839,832,832,8080,8080,8080,8080
996,838,840,840,8080,8080,8080,8080
997,848,840,840,8080,8080,8080,8080
998,737,731,731,8080,8080,8080,8080
999,848,840,840,8090,8090,8090,8090
1000,828,812,812,8090,8090,8090,8090
1001,879,870,870,8090,8090,8090,8090
1002,937,870,870,8090,8090,8090,8090
1003,848,870,870,8090,8090,8090,8090
1004,838,840,840,8090,8090,8090,8090
1005,927,870,870,8090,8090,8090,8090
1006,838,840,840,8170,8170,8170,8170
1007,878,871,871,8170,8170,8170,8170
1008,769,761,761,8170,8170,8170,8170
1009,897,871,871,8170,8170,8170,8170
1010,848,840,840,8170,8170,8170,8170
1011,887,871,871,8170,8170,8170,8170
1012,828,812,812,8180,8180,8180,8180
1013,838,840,840,8180,8180,8180,8180
1014,839,832,832,8180,8180,8180,8180
1015,848,840,840,8180,8180,8180,8180
1016,829,820,820,8180,8180,8180,8180
1017,408,401,401,8180,8180,8180,8180
1018,838,831,831,8190,8190,8190,8191
1019,838,831,831,8190,8190,8190,8192
1020,839,832,832,8190,8190,8190,8191
1021,839,832,832,8190,8190,8190,8192
1022,839,832,832,8270,8270,8270,8270
1023,879,870,870,8290,8290,8290,8290
1024,927,870,870,8290,8290,8290,8290
1025,897,871,871,8290,8290,8290,8290
1026,887,871,871,8290,8290,8290,8290
1027,718,712,712,8290,8290,8290,8290
1028,848,870,870,8290,8290,8290,8290
1029,937,870,870,8290,8290,8290,8290
1030,839,832,832,8290,8290,8290,8290
1031,878,871,871,8290,8290,8290,8290
1032,897,871,871,8370,8370,8370,8370
1033,927,922,922,8370,8370,8370,8370
1034,867,922,922,8370,8370,8370,8370
1035,868,860,860,8370,8370,8370,8370
1036,937,922,922,8370,8370,8370,8370
1037,848,922,922,8370,8370,8370,8370
1038,878,871,871,8370,8370,8370,8370
1039,749,860,860,8370,8370,8370,8370
1040,878,922,922,8370,8370,8370,8370
1041,887,871,871,8370,8370,8370,8370
1042,867,860,860,8370,8370,8370,8370
1043,917,922,922,8370,8370,8370,8370
1044,848,840,840,8370,8370,8370,8370
1045,838,840,840,8370,8370,8370,8370
1046,848,870,870,8380,8380,8380,8380
1047,887,871,871,8380,8380,8380,8380
1048,927,870,870,8380,8380,8380,8380
1049,897,871,871,8380,8380,8380,8380
1050,878,871,871,8380,8380,8380,8380
1051,937,870,870,8380,8380,8380,8380
1052,879,870,870,8380,8380,8380,8380
1053,848,861,861,8390,8390,8390,8390
1054,867,861,861,8390,8390,8390,8390
1055,878,861,861,8390,8390,8390,8390
1056,857,862,863,8470,8470,8470,8470
1057,857,862,862,8470,8470,8470,8470
1058,778,770,863,8470,8470,8470,8470
1059,798,742,741,8560,8560,8560,8561
1060,798,742,741,8560,8560,8560,8562
1061,798,742,741,8560,8560,8560,8563
1062,798,742,741,8560,8560,8560,8564
1063,897,892,893,8560,8560,8560,8561
1064,897,892,893,8560,8560,8560,8562
1065,897,892,893,8560,8560,8560,8563
1066,897,892,893,8560,8560,8560,8564
1067,807,800,800,8560,8560,8560,8561
1068,807,800,800,8560,8560,8560,8562
1069,807,800,800,8560,8560,8560,8563
1070,807,800,800,8560,8560,8560,8564
1071,737,731,731,8560,8560,8560,8561
1072,737,731,731,8560,8560,8560,8562
1073,737,731,731,8560,8560,8560,8563
1074,737,731,731,8560,8560,8560,8564
1075,738,732,791,8560,8560,8560,8561
1076,738,732,791,8560,8560,8560,8562
1077,738,732,791,8560,8560,8560,8563
1078,738,732,791,8560,8560,8560,8564
1079,917,930,810,8560,8560,8560,8561
1080,917,930,810,8560,8560,8560,8562
1081,917,930,810,8560,8560,8560,8563
1082,917,930,810,8560,8560,8560,8564
1083,848,731,731,8560,8560,8560,8561
1084,848,731,731,8560,8560,8560,8562
1085,848,731,731,8560,8560,8560,8563
1086,848,731,731,8560,8560,8560,8564
1087,408,802,810,8560,8560,8560,8561
1088,408,802,810,8560,8560,8560,8562
1089,408,802,810,8560,8560,8560,8563
1090,408,802,810,8560,8560,8560,8564
1091,738,742,741,8560,8560,8560,8561
1092,738,742,741,8560,8560,8560,8562
1093,738,742,741,8560,8560,8560,8563
1094,738,742,741,8560,8560,8560,8564
1095,927,930,810,8560,8560,8560,8561
1096,927,930,810,8560,8560,8560,8562
1097,927,930,810,8560,8560,8560,8563
1098,927,930,810,8560,8560,8560,8564
1099,808,801,810,8560,8560,8560,8561
1100,808,801,810,8560,8560,8560,8562
1101,808,801,810,8560,8560,8560,8563
1102,808,801,810,8560,8560,8560,8564
1103,937,930,810,8560,8560,8560,8561
1104,937,930,810,8560,8560,8560,8562
1105,937,930,810,8560,8560,8560,8563
1106,937,930,810,8560,8560,8560,8564
1107,119,250,250,8560,8560,8560,8561
1108,119,250,250,8560,8560,8560,8562
1109,119,250,250,8560,8560,8560,8563
1110,119,250,250,8560,8560,8560,8564
1111,798,791,810,8560,8560,8560,8561
1112,798,791,810,8560,8560,8560,8562
1113,798,791,810,8560,8560,8560,8563
1114,798,791,810,8560,8560,8560,8564
1115,748,742,741,8560,8560,8560,8561
1116,748,742,741,8560,8560,8560,8562
1117,748,742,741,8560,8560,8560,8563
1118,748,742,741,8560,8560,8560,8564
1119,798,791,791,8560,8560,8560,8561
1120,798,791,791,8560,8560,8560,8562
1121,798,791,791,8560,8560,8560,8563
1122,798,791,791,8560,8560,8560,8564
1123,759,760,760,8560,8560,8560,8561
1124,759,760,760,8560,8560,8560,8562
1125,759,760,760,8560,8560,8560,8563
1126,759,760,760,8560,8560,8560,8564
1127,897,742,741,8560,8560,8560,8561
1128,897,742,741,8560,8560,8560,8562
1129,897,742,741,8560,8560,8560,8563
1130,897,742,741,8560,8560,8560,8564
1131,809,802,810,8560,8560,8560,8561
1132,809,802,810,8560,8560,8560,8562
1133,809,802,810,8560,8560,8560,8563
1134,809,802,810,8560,8560,8560,8564
1135,937,930,810,8570,8570,8570,8570
1136,927,930,810,8570,8570,8570,8570
1137,808,801,810,8570,8570,8570,8570
1138,927,872,872,8570,8570,8570,8570
1139,809,802,810,8570,8570,8570,8570
1140,869,872,872,8570,8570,8570,8570
1141,917,930,810,8570,8570,8570,8570
1142,408,802,810,8570,8570,8570,8570
1143,798,791,810,8570,8570,8570,8570
1144,809,802,802,8580,8580,8580,8580
1145,808,801,802,8580,8580,8580,8580
1146,408,802,802,8580,8580,8580,8580
1147,809,802,810,8590,8590,8590,8590
1148,738,742,741,8590,8590,8590,8590
1149,808,801,810,8590,8590,8590,8590
1150,669,641,641,8590,8590,8590,8590
1151,419,420,420,8590,8590,8590,8590
1152,798,742,741,8590,8590,8590,8590
1153,937,930,810,8590,8590,8590,8590
1154,897,742,741,8590,8590,8590,8590
1155,748,742,741,8590,8590,8590,8590
1156,408,802,810,8590,8590,8590,8590
1157,798,791,810,8590,8590,8590,8590
1158,917,930,810,8590,8590,8590,8590
1159,927,930,810,8590,8590,8590,8590
1160,917,930,810,8660,8660,8660,8660
1161,778,762,762,8660,8660,8660,8660
1162,809,802,810,8660,8660,8660,8660
1163,778,770,770,8660,8660,8660,8660
1164,718,712,712,8660,8660,8660,8660
1165,408,802,810,8660,8660,8660,8660
1166,927,930,810,8660,8660,8660,8660
1167,798,791,810,8660,8660,8660,8660
1168,777,762,762,8660,8660,8660,8660
1169,808,801,810,8660,8660,8660,8660
1170,937,930,810,8660,8660,8660,8660
1171,669,641,641,8660,8660,8660,8660
1172,749,750,770,8660,8660,8660,8660
1173,809,802,810,8670,8670,8670,8670
1174,749,750,770,8670,8670,8670,8670
1175,917,930,810,8670,8670,8670,8670
1176,778,770,770,8670,8670,8670,8670
1177,408,802,810,8670,8670,8670,8670
1178,798,791,810,8670,8670,8670,8670
1179,937,930,810,8670,8670,8670,8670
1180,808,801,810,8670,8670,8670,8670
1181,927,930,810,8670,8670,8670,8670
1182,408,802,810,8680,8680,8680,8680
1183,917,930,810,8680,8680,8680,8680
1184,798,791,810,8680,8680,8680,8680
1185,937,930,810,8680,8680,8680,8680
1186,669,641,641,8680,8680,8680,8680
1187,629,602,602,8680,8680,8680,8680
1188,628,601,601,8680,8680,8680,8680
1189,637,610,610,8680,8680,8680,8680
1190,619,671,671,8680,8680,8680,8680
1191,809,802,810,8680,8680,8680,8680
1192,808,801,810,8680,8680,8680,8680
1193,927,930,810,8680,8680,8680,8680
1194,857,842,842,8680,8680,8680,8680
1195,917,930,810,8690,8690,8690,8690
1196,669,641,641,8690,8690,8690,8690
1197,408,802,810,8690,8690,8690,8690
1198,927,930,810,8690,8690,8690,8690
1199,809,802,810,8690,8690,8690,8690
1200,798,791,810,8690,8690,8690,8690
1201,937,930,810,8690,8690,8690,8690
1202,808,801,810,8690,8690,8690,8690
1203,168,300,300,8770,8770,8770,8770
1204,757,751,751,8770,8770,8770,8770
1205,759,760,760,8770,8770,8770,8770
1206,749,750,750,8780,8780,8780,8780
1207,739,740,732,8790,8790,8790,8790
1208,738,742,741,8790,8790,8790,8790
1209,758,752,752,8790,8790,8790,8790
1210,897,742,741,8790,8790,8790,8790
1211,748,742,741,8790,8790,8790,8790
1212,759,760,760,8790,8790,8790,8790
1213,759,752,752,8790,8790,8790,8790
1214,798,742,741,8790,8790,8790,8790
1215,889,740,732,8790,8790,8790,8790
1216,759,752,752,8870,8870,8870,8870
1217,197,331,331,8870,8870,8870,8870
1218,759,760,760,8870,8870,8870,8870
1219,758,752,752,8870,8870,8870,8870
1220,738,732,791,8880,8880,8880,8891
1221,228,360,360,8880,8880,8880,8891
1222,759,752,752,8880,8880,8880,8891
1223,798,791,791,8880,8880,8880,8891
1224,797,790,790,8880,8880,8880,8891
1225,759,760,760,8880,8880,8880,8891
1226,779,771,771,8880,8880,8880,8891
1227,758,752,752,8880,8880,8880,8891
1228,789,782,782,8890,8890,8890,8891
1229,788,780,780,8970,8970,8970,8970
1230,787,772,772,8980,8980,8980,8980
1231,798,791,810,8990,8990,8990,8990
1232,917,930,810,8990,8990,8990,8990
1233,809,802,810,8990,8990,8990,8990
1234,408,802,810,8990,8990,8990,8990
1235,738,732,791,8990,8990,8990,8990
1236,937,930,810,8990,8990,8990,8990
1237,927,930,810,8990,8990,8990,8990
1238,808,801,810,8990,8990,8990,8990
1239,787,772,772,8990,8990,8990,8990
1240,798,791,791,8990,8990,8990,8990
1241,789,782,782,9070,9070,9070,9070
1242,779,771,771,9070,9070,9070,9070
1243,718,712,712,9080,9080,9080,9080
1244,798,781,781,9080,9080,9080,9080
1245,927,930,810,9090,9090,9090,9090
1246,748,742,741,9090,9090,9090,9090
1247,798,791,810,9090,9090,9090,9090
1248,738,732,791,9090,9090,9090,9090
1249,738,742,741,9090,9090,9090,9090
1250,798,742,741,9090,9090,9090,9090
1251,408,802,810,9090,9090,9090,9090
1252,798,791,791,9090,9090,9090,9090
1253,808,801,810,9090,9090,9090,9090
1254,18,20,30,9090,9090,9090,9090
1255,897,742,741,9090,9090,9090,9090
1256,749,750,750,9090,9090,9090,9090
1257,917,930,810,9090,9090,9090,9090
1258,917,910,910,9090,9090,9090,9090
1259,789,782,782,9090,9090,9090,9090
1260,878,910,910,9090,9090,9090,9090
1261,937,930,810,9090,9090,9090,9090
1262,937,910,910,9090,9090,9090,9090
1263,927,910,910,9090,9090,9090,9090
1264,809,802,810,9090,9090,9090,9090
1265,887,871,871,9160,9160,9160,9160
1266,877,880,880,9160,9160,9160,9160
1267,878,871,871,9160,9160,9160,9160
1268,897,871,871,9160,9160,9160,9160
1269,878,871,871,9170,9170,9170,9170
1270,897,871,871,9170,9170,9170,9170
1271,887,871,871,9170,9170,9170,9170
1272,749,860,860,9170,9170,9170,9170
1273,867,860,860,9170,9170,9170,9170
1274,868,860,860,9170,9170,9170,9170
1275,709,710,710,9170,9170,9170,9170
1276,887,881,881,9170,9170,9170,9170
1277,887,881,873,9180,9180,9180,9180
1278,887,871,871,9190,9190,9190,9190
1279,897,871,871,9190,9190,9190,9190
1280,878,871,871,9190,9190,9190,9190
1281,887,881,881,9190,9190,9190,9190
1282,769,761,761,9290,9290,9290,9290
1283,937,901,901,9370,9370,9370,9370
1284,937,900,900,9370,9370,9370,9370
1285,917,900,900,9370,9370,9370,9370
1286,917,901,901,9370,9370,9370,9370
1287,927,901,901,9370,9370,9370,9370
1288,927,900,900,9370,9370,9370,9370
1289,927,921,921,9380,9380,9380,9380
1290,917,921,921,9380,9380,9380,9380
1291,937,921,921,9380,9380,9380,9380
1292,927,901,901,9390,9390,9390,9390
1293,917,901,901,9390,9390,9390,9390
1294,937,901,901,9390,9390,9390,9390
1295,878,910,910,9470,9470,9470,9470
1296,878,871,871,9470,9470,9470,9470
1297,887,871,871,9470,9470,9470,9470
1298,917,910,910,9470,9470,9470,9470
1299,937,910,910,9470,9470,9470,9470
1300,927,910,910,9470,9470,9470,9470
1301,897,871,871,9470,9470,9470,9470
1302,848,922,922,9480,9480,9480,9480
1303,897,871,871,9480,9480,9480,9480
1304,937,922,922,9480,9480,9480,9480
1305,878,871,871,9480,9480,9480,9480
1306,838,840,840,9480,9480,9480,9480
1307,887,871,871,9480,9480,9480,9480
1308,867,922,922,9480,9480,9480,9480
1309,917,922,922,9480,9480,9480,9480
1310,927,922,922,9480,9480,9480,9480
1311,848,840,840,9480,9480,9480,9480
1312,478,471,471,9480,9480,9480,9480
1313,878,922,922,9480,9480,9480,9480
1314,917,930,930,9490,9490,9490,9490
1315,927,930,930,9490,9490,9490,9490
1316,28,31,32,9490,9490,9490,9490
1317,708,931,931,9490,9490,9490,9490
1318,917,901,901,9490,9490,9490,9490
1319,937,930,930,9490,9490,9490,9490
1320,937,931,931,9490,9490,9490,9490
1321,917,930,810,9490,9490,9490,9490
1322,798,791,810,9490,9490,9490,9490
1323,18,31,32,9490,9490,9490,9490
1324,937,901,901,9490,9490,9490,9490
1325,937,930,810,9490,9490,9490,9490
1326,408,802,810,9490,9490,9490,9490
1327,927,930,810,9490,9490,9490,9490
1328,927,931,931,9490,9490,9490,9490
1329,478,471,471,9490,9490,9490,9490
1330,927,901,901,9490,9490,9490,9490
1331,917,931,931,9490,9490,9490,9490
1332,808,801,810,9490,9490,9490,9490
1333,809,802,810,9490,9490,9490,9490
1334,937,922,922,9570,9570,9570,9570
1335,848,922,922,9570,9570,9570,9570
1336,878,922,922,9570,9570,9570,9570
1337,708,931,931,9570,9570,9570,9570
1338,927,931,931,9570,9570,9570,9570
1339,408,401,401,9570,9570,9570,9570
1340,917,931,931,9570,9570,9570,9570
1341,917,922,922,9570,9570,9570,9570
1342,937,931,931,9570,9570,9570,9570
1343,927,922,922,9570,9570,9570,9570
1344,867,922,922,9570,9570,9570,9570
1345,707,700,700,9590,9590,9590,9590
1346,937,932,932,9590,9590,9590,9590
1347,927,932,932,9590,9590,9590,9590
1348,937,910,910,9590,9590,9590,9590
1349,917,932,932,9590,9590,9590,9590
1350,917,910,910,9590,9590,9590,9590
1351,878,910,910,9590,9590,9590,9590
1352,927,910,910,9590,9590,9590,9590
1353,NA,940,940,9670,9670,9670,9670
1354,NA,941,941,9680,9680,9680,9680
1355,NA,942,942,9690,9690,9690,9690
1356,NA,950,950,9770,9770,9770,9770
1357,NA,951,951,9780,9780,9780,9780
1358,NA,952,952,9790,9790,9790,9790
1359,NA,960,960,9870,9870,9870,9870
1360,NA,NA,NA,9920,9920,9920,9920
1361,257,382,382,NA,NA,NA,NA
1362,538,522,522,NA,NA,NA,NA
1363,NA,NA,NA,9890,9890,9890,9890
1363,NA,991,991,NA,NA,NA,NA
